Question,ID
Iterate over subclasses of a given class in a given module,44352
What are the best keyboard macros for programming in windows?,44350
Unit testing with network-reliant code,44338
preferred way to implement visitor pattern in dynamic languages?,44337
Strong Validation in WPF,44298
Enabled Brigded Network in Vmware Server [closed],44294
Differences in string compare methods in C#,44288
Program for working with large CSV Files [closed],44286
Database Patterns [duplicate],44281
"Given that I have a hash of id(key) and countries(values) sorted alphabetically, what is the best way to bubble up an entry to the top of the stack?",44272
Order an Array like another Array in C#,44270
cmd defaults to F: drive,44261
Can .NET check other running programs command line parameters?,44260
What is the best practice for estimating required time for development of the SDLC phases? [closed],44247
How Can I Monitor Which Window Currently Has Keyboard Focus,44241
How to start learning JAVA for use with Oracle RDBMS?,44224
Difference between foreach and for loops over an IEnumerable class in C#,44220
What are good alternative data formats to XML? [closed],44207
Direct TCP/IP connections in P2P apps,44205
How do I best generate a CSV (comma-delimited text file) for download with ASP.NET?,44194
Looking for a simple JavaScript example that updates DOM,44190
SQL: Select like column from two tables,44181
Connecting private IPs,44177
Searching subversion history (full text),44176
Real-time wmv video encoding in C#,44161
Can you use reflection to find the name of the currently executing method?,44153
Database sharding and Rails,44145
Hudson can't build my Maven 2 project because it says artifacts are missing from the repository? (they aren't),44144
Publishing Flash video streaming,44143
Project design / FS layout for large django projects [closed],44135
How do I hide the input caret in a System.Windows.Forms.TextBox?,44131
SQL Server Alter Computed Column,44118
What's the best way to extend the User model in Django?,44109
NT authentication login,44102
invisible watermarks in images [closed],44101
Best way to use a property to reference a Key-Value pair in a dictionary [closed],44100
How To Extract SFTP SSH Key From Key Cache in FileZilla FTP Client,44089
IE6 and XML prolog,44087
How do I document a module in Python?,44084
Does Microsoft ASP.NET Ajax Cause DOM Object Leaks?,44080
Strip all HTML tags except links,44078
ASP.NET Merge: Virtual path 'obal.asax' is not allowed,44076
Pass functions in F#,44066
Best way to rotate Apache log files [closed],44048
Truncate (not round) decimal places in SQL Server,44046
How can I get the definition (body) of a trigger in SQL Server?,44034
"An easy way to diff log files, ignoring the time stamps?",44019
ncover with nunit2 task in NAnt,44007
Propagation of Oracle Transactions Between C++ and Java,44005
Why is branching and merging easier in Mercurial than in Subversion? [closed],43995
